[time_collect],[x],[y]
0,0.0,0.0
1,0.707089125971,0.658131098305
2,1.4142007323,1.21822979511
3,2.12131026213,1.68032656866
4,2.82841724943,2.04442373955
5,3.53552123746,2.31052238561
6,4.24262191139,2.47862258497
7,4.94971922846,2.54872365351
8,5.65681354563,2.52082437657
9,6.36390574469,2.39492323488
10,7.07099735494,2.17101862493
11,7.77809067334,1.84910907345
12,8.4851888822,1.42919344634
13,9.1922961643,0.911271151798
14,9.89941781558,0.295342337755
