[time_collect],[x],[y]
0,0.0,0.0
1,0.707171714177,0.658087257756
2,1.41428475036,1.21819561478
3,2.12139581763,1.68030567108
4,2.82850533158,2.04441709021
5,3.53561370891,2.31052956065
6,4.24272136739,2.47864279575
7,4.94982872589,2.5487565338
8,5.65693620438,2.520870538
9,6.3640442239,2.39498459645
10,7.07115320659,2.17109852216
11,7.77826357566,1.84921215305
12,8.48537575543,1.42932535194
13,9.19249017131,0.911438006593
14,9.89960724977,0.295550029643
