[time_collect],[x],[y]
0,0.0,0.0
1,0.707169338181,0.658096304678
2,1.4142830634,1.21821016724
3,2.12139444185,1.6803238116
4,2.82850382758,2.04443699104
5,3.53561155596,2.31054951779
6,4.24271794366,2.47866126294
7,4.94982328868,2.54877215652
8,5.6569278703,2.52088218745
9,6.36403194915,2.39499140356
10,7.07113576714,2.17109991158
11,7.77823954751,1.84920787714
12,8.48534349479,1.4293155248
13,9.19244779484,0.911423138002
14,9.89955261483,0.295531059103
